[
    {
        "step": [
            {
                "type": "pageHeading",
                "title": "Let's get started",
                "tagLine": "",
                "bindValue": "Let's get started",
                "id": "GetStarted"
            },
            {
                "type": "boxHeading",
                "boxHeadingTitle": "",
                "id": "GetStarted",
                "fields": [
                    {
                        "fieldType": "dropdown",
                        "bindType": "api",
                        "bindProperty": "",
                        "bindValue": "",
                        "iconClass": "fa fa-signal",
                        "fieldTitle": "Business",
                        "tooltip": "",
                        "fieldname": "classCode",
                        "placeholder": "Select",
                        "divClass": "",
                        "validation": "required",
                        "id": "BusinessClass",
                        "show": true,
                        "errors": [
                            {
                                "required": "Business is required"
                            },
                            {
                                "valid": ""
                            }
                        ]
                    },
                    {
                        "fieldType": "date",
                        "bindType": "",
                        "bindValue": "",
                        "bindProperty": "",
                        "iconClass": "fas fa-calendar-alt",
                        "fieldTitle": "Box1",
                        "tooltip": "",
                        "fieldname": "Box1",
                        "placeholder": "YYYY-MM-DD",
                        "validation": "required",
                        "divClass": "Box1",
                        "id": "",
                        "show": true,
                        "maxlength" : "",
                        "errors": [
                            {
                                "required": "date is required."
                            },
                            {
                                "valid": ""
                            }
                        ]
                    }
                ]
            }
        ]
    },
    {
        "step": [
            {
                "type": "pageHeading",
                "title": "Personal & Business Info",
                "tagLine": "",
                "bindValue": "Personal & Business",
                "id": "PersonalInformation"
            },
            {
                "type": "boxHeading",
                "boxHeadingTitle": "",
                "id": "personalInfo",
                "fields": [
                    {
                        "type": "text",
                        "fieldType": "AddressBoxContent",
                        "fieldTitle": "Name",
                        "tooltip": "",
                        "id": "PersonalInfoBoxContent",
                        "divClass": "",
                        "showHide": "",
                        "show": true,
                        "fieldSet": [
                            {
                                "type": "text",
                                "fieldType": "text",
                                "bindType": "",
                                "bindProperty": "",
                                "iconClass": "fas fa-user",
                                "fieldTitle": "First Name",
                                "tooltip": "",
                                "fieldname": "firstName",
                                "show": true,
                                "minlength":"1",
                                "maxlength":"512",
                                "bindValue": "",
                                "placeholder": "First Name",
                                "validation": "required",
                                "divClass": "",
                                "id": "firstName",
                                "pattern": "^[A-Za-z]*$",
                                "errors": [
                                    {
                                        "required": "First name is required."
                                    },
                                    {
                                        "valid": "Allowed alphabets only.."
                                    }
                                ]
                            },
                            {
                                "type": "text",
                                "fieldType": "text",
                                "bindType": "",
                                "bindProperty": "",
                                "iconClass": "fas fa-user",
                                "fieldTitle": "Last Name",
                                "tooltip": "",
                                "bindValue": "",
                                "show": true,
                                "minlength":"1",
                                "maxlength":"512",
                                "fieldname": "lastName",
                                "placeholder": "Last Name",
                                "validation": "required",
                                "divClass": "",
                                "id": "lastName",
                                "pattern": "^[A-Za-z]*$",
                                "errors": [ 
                                    {
                                        "required": "Last name is required."
                                    },                                   
                                    {
                                        "valid": "Allowed alphabets only."
                                    }
                                ]
                            }
                        ]
                    },
                    {
                        "fieldType": "BusinessAddress",
                        "bindType": "api",
                        "bindProperty": "",
                        "iconClass": "fas fa-briefcase",
                        "fieldTitle": "Business Address",
                        "tooltip": "",
                        "bindValue": "",
                        "fieldname": "BusinessAddress",
                        "placeholder": "Business Address",
                        "validation": "required",
                        "divClass": "",
                        "id": "businessAdds",
                        "show": true,
                        "maxlength":"",
                        "pattern": "^[^- ][a-zA-Z0-9\\.\\_\\s\\-\\']+$",
                        "errors": [
                            {
                                "required": "Business Address is required."
                            },
                            {
                                "valid": "Initial space is not allowed."
                            }
                        ]
                    },
                    {
                        "type": "text",
                        "fieldType": "AddressBoxContent",
                        "fieldTitle": "",
                        "tooltip": "",
                        "id": "PersonalInfoBoxContent",
                        "divClass": "",
                        "showHide": "",
                        "show": true,
                        "fieldSet": [
                            {
                                "type": "text",
                                "fieldType": "text",
                                "bindType": "",
                                "bindProperty": "",
                                "iconClass": "fas fa-user",
                                "fieldTitle": "City",
                                "tooltip": "",
                                "fieldname": "City",
                                "show": true,
                                "minlength":"1",
                                "maxlength":"512",
                                "bindValue": "",
                                "placeholder": "City",
                                "validation": "required",
                                "divClass": "",
                                "id": "BusinessCity",
                                "pattern": "^[ A-Za-z]*$",
                                "errors": [
                                    {
                                        "required": "City is required."
                                    },
                                    {
                                        "valid": "Allowed alphabets only.."
                                    }
                                ]
                            },
                            {
                                "type": "text",
                                "fieldType": "text",
                                "bindType": "",
                                "bindProperty": "",
                                "iconClass": "fas fa-user",
                                "fieldTitle": "State",
                                "tooltip": "",
                                "bindValue": "",
                                "show": true,
                                "minlength":"1",
                                "maxlength":"512",
                                "fieldname": "StateName",
                                "placeholder": "State",
                                "validation": "true",
                                "divClass": "",
                                "id": "BusinessStateName",
                                "pattern": "^[A-Za-z]*$",
                                "errors": [ 
                                    {
                                        "required": "State is required."
                                    },                                   
                                    {
                                        "valid": "Allowed alphabets only."
                                    }
                                ]
                            },
                            {
                                "type": "text",
                                "fieldType": "text",
                                "bindType": "",
                                "bindProperty": "",
                                "iconClass": "fas fa-user",
                                "fieldTitle": "Zip Code",
                                "tooltip": "",
                                "bindValue": "",
                                "show": true,
                                "minlength":"1",
                                "maxlength":"5",
                                "fieldname": "ZipCode",
                                "placeholder": "Zip Code",
                                "validation": "true",
                                "divClass": "",
                                "id": "BusinessZipCode",
                                "pattern": "^[0-9]{5}$",
                                "errors": [ 
                                    {
                                        "required": "Please enter the Zip Code."                                        
                                    },                                   
                                    {
                                        "valid": "Invalid Zip Code. It must have 5 digits"
                                    }
                                ]
                            }
                        ]
                    },
                    {
                        "fieldType": "checkbox",
                        "bindType": "",
                        "bindProperty": "",
                        "iconClass": "",
                        "fieldTitle": "My mailing address is same as my business address.",
                        "tooltip": "",
                        "bindValue": "",
                        "fieldname": "sameBusinessAndMailingAddress",
                        "placeholder": "",
                        "validation": "required",
                        "divClass": "",
                        "id": "BusinessAndMailingAddressSame",
                        "show": true,
                        "maxlength":"",
                        "pattern": "",
                        "errors": []
                    },
                    {
                        "fieldType": "MailingAddress",
                        "bindType": "api",
                        "bindProperty": "",
                        "iconClass": "fas fa-briefcase",
                        "fieldTitle": "Mailing Address",
                        "tooltip": "",
                        "bindValue": "",
                        "fieldname": "MailingAddress",
                        "placeholder": "Mailing Address",
                        "validation": "required",
                        "divClass": "",
                        "id": "MailingAdds",
                        "show": true,
                        "maxlength":"",
                        "pattern": "^[^- ][a-zA-Z0-9\\.\\_\\s\\-\\']+$",
                        "errors": [
                            {
                                "required": "Mailing Address is required."
                            },
                            {
                                "valid": "Initial space is not allowed."
                            }
                        ]
                    },
                    {
                        "type": "text",
                        "fieldType": "AddressBoxContent",
                        "fieldTitle": "",
                        "tooltip": "",
                        "id": "PersonalInfoBoxContent",
                        "divClass": "",
                        "showHide": "",
                        "show": true,
                        "fieldSet": [
                            {
                                "type": "text",
                                "fieldType": "text",
                                "bindType": "",
                                "bindProperty": "",
                                "iconClass": "fas fa-user",
                                "fieldTitle": "City",
                                "tooltip": "",
                                "fieldname": "MailingCity",
                                "show": true,
                                "minlength":"1",
                                "maxlength":"512",
                                "bindValue": "",
                                "placeholder": "City",
                                "validation": "required",
                                "divClass": "",
                                "id": "MailingCity",
                                "pattern": "^[ A-Za-z]*$",
                                "errors": [
                                    {
                                        "required": "Mailing City is required."
                                    },
                                    {
                                        "valid": "Allowed alphabets only.."
                                    }
                                ]
                            },
                            {
                                "type": "text",
                                "fieldType": "text",
                                "bindType": "",
                                "bindProperty": "",
                                "iconClass": "fas fa-user",
                                "fieldTitle": "Mailing State",
                                "tooltip": "",
                                "bindValue": "",
                                "show": true,
                                "minlength":"1",
                                "maxlength":"512",
                                "fieldname": "MailingState",
                                "placeholder": "State",
                                "validation": "true",
                                "divClass": "",
                                "id": "MailingStateName",
                                "pattern": "^[A-Za-z]*$",
                                "errors": [ 
                                    {
                                        "required": "Mailing State is required."
                                    },                                   
                                    {
                                        "valid": "Allowed alphabets only.."
                                    }
                                ]
                            },
                            {
                                "type": "text",
                                "fieldType": "text",
                                "bindType": "",
                                "bindProperty": "",
                                "iconClass": "fas fa-user",
                                "fieldTitle": "Zip Code",
                                "tooltip": "",
                                "bindValue": "",
                                "show": true,
                                "minlength":"1",
                                "maxlength":"5",
                                "fieldname": "MailingZipCode",
                                "placeholder": "Zip Code",
                                "validation": "true",
                                "divClass": "",
                                "id": "MailingZipCode",
                                "pattern": "^[0-9]{5}$",
                                "errors": [ 
                                    {
                                        "required": "Please enter the mailing Zip Code."
                                    },                                   
                                    {
                                        "valid": "Invalid Mailing Zip Code. It must have 5 digits"
                                    }
                                ]
                            }
                        ]
                    },
                    {
                        "fieldType": "email",
                        "bindType": "",
                        "bindProperty": "",
                        "iconClass": "fas fa-envelope",
                        "fieldTitle": "Email",
                        "tooltip": "",
                        "bindValue": "",
                        "fieldname": "email",
                        "placeholder": "john_doe@example.com",
                        "validation": "required",
                        "divClass": "",
                        "id": "email",
                        "pattern": "^\\w+([\\.-]?\\w+)*@\\w+([\\.-]?\\w+)*(\\.\\w{2,3})+$",
                        "show": true,
                        "maxlength" : "512",                        
                        "errors": [
                            {
                                "required": "Email is required."
                            },
                            {
                                "valid": "Invalid email address. "
                            }
                        ]
                    },
                    {
                        "fieldType": "phonenumber",
                        "bindType": "",
                        "bindValue": "",
                        "bindProperty": "",
                        "iconClass": "fas fa-mobile-alt",
                        "fieldTitle": "Phone Number",
                        "tooltip": "",
                        "fieldname": "phoneNumber",
                        "placeholder": "(999)999-9999",
                        "validation": "required",
                        "divClass": "",
                        "id": "phoneNumber",
                        "show": true,
                        "maxlength" : "",
                        "pattern": "^\\([0-9]{3}\\)[0-9]{3}\\-{1}[0-9]{4}$",
                        "errors": [
                            {
                                "required": "Phone number is required."
                            },
                            {
                                "valid": "Must be a valid phone number. ex (999)999-9999"
                            }
                        ]
                    },
                    {
                        "fieldType": "text",
                        "bindType": "",
                        "bindProperty": "",
                        "iconClass": "fas fa-briefcase",
                        "fieldTitle": "Business Name",
                        "tooltip": "",
                        "bindValue": "",
                        "fieldname": "businessName",
                        "placeholder": "ABC Inc.",
                        "validation": "required",
                        "divClass": "",
                        "id": "businessName",
                        "show": true,
                        "maxlength":"",
                        "pattern": "^[^- ][a-zA-Z0-9\\.\\_\\s\\-\\']+$",
                        "errors": [
                            {
                                "required": "Business name is required."
                            },
                            {
                                "valid": "Business name must start with alphabets only."
                            }
                        ]
                    }                 
                   
                ]
            }
        ]
    },
    {
        "step": [
            {
                "type": "pageHeading",
                "title": "Your Operations",
                "tagLine": "",
                "bindValue": "Your Operations",
                "id": "operations"
            },
            {
                "type": "boxHeading",
                "boxHeadingTitle": "",
                "id": "operations",
                "fields": [
                    {
                        "fieldType": "operations",
                        "bindType": "",
                        "bindProperty": "",
                        "iconClass": "fas fa-user",
                        "fieldTitle": "",
                        "tooltip": "",
                        "fieldname": "",
                        "show": true,
                        "bindValue": "",
                        "placeholder": "",
                        "validation": "false",
                        "divClass": "",
                        "id": "",
                        "errors": [
                            {
                                "required": ""
                            }
                        ]
                    }
                ]
            }
        ]
    },
    {
        "step": [
            {
                "type": "pageHeading",
                "title": "Additional Details",
                "tagLine": "",
                "bindValue": "Additional Details",
                "id": "Additional_Details"
            },
            {
                "type": "boxHeading",
                "boxHeadingTitle": "",
                "id": "Additional_Details",
                "fields": [
                    {
                        "fieldType": "aditional_details",
                        "Value1":"Yes",
                        "Value2":"No",
                        "bindType": "",
                        "bindProperty": "",
                        "iconClass": "",
                        "fieldTitle": "",
                        "tooltip": "",
                        "fieldname": "Box1",
                        "show": true,
                        "bindValue": "",
                        "placeholder": "",
                        "validation": "false",
                        "divClass": "",
                        "id": "Box1",
                        "errors": [
                            {
                                "required": ""
                            }
                        ],
                        "titles":[
                            {
                                "title":"Yes",
                                "value":"true"
                            },
                            {
                                "title":"No",
                                "value":"false"
                            }
                        ]
                    },
                    {
                        "fieldType": "toggleCheckBox",
                        "bindType": "",
                        "bindProperty": "",
                        "iconClass": "",
                        "fieldTitle": "",
                        "tooltip": "",
                        "fieldname": "Box1",
                        "id": "Box1",
                        "placeholder": "",
                        "divClass": "",
                        
                        "checked": "",
                        "validation": "false",
                        "onChange": "true",
                        "showHideDiv": "",
                        "show": true,
                        "errors": [],
                        "titles":[
                            {
                                "title":"Yes",
                                "value":"true",
                                "bindValue": ""
                            },
                            {
                                "title":"No",
                                "value":"false",
                                "bindValue": ""
                            }
                        ]
                    }
                ]
            }
        ]
    },
  
  
    {
        "step": [
            {
                "type": "pageHeading",
                "title": "Finish",
                "tagLine": "",
                "bindValue": "finalPage",
                "id": "finalPage"
            },
            {
                "type": "boxHeading",
                "boxHeadingTitle": "",
                "id": "finalPage",
                "fields": [
                    {
                        "fieldType": "finalPage",
                        "bindType": "",
                        "bindProperty": "",
                        "fieldTitle": "",
                        "subTitle": [],
                        "heading": {},
                        "tooltip": "",
                        "id": "Finish",
                        "divClass": "",
                        "show": true
                    }
                ]
            }
        ]
    }
]